<?xml version="1.0" encoding="UTF-8"?>
<metadata xml:lang="zh"><Esri><CreaDate>20240523</CreaDate><CreaTime>19242700</CreaTime><ArcGISFormat>1.0</ArcGISFormat><SyncOnce>TRUE</SyncOnce><DataProperties><itemProps><itemLocation><linkage Sync="TRUE">file://\\海北\D$\桌面\秦岭\秦岭水系文件\秦岭范围线\主梁复制</linkage><protocol Sync="TRUE">Local Area Network</protocol></itemLocation></itemProps><copyHistory><copy source="D:\桌面\秦岭\秦岭水系文件\秦岭范围线\主梁" dest="\\海北\D$\桌面\秦岭\秦岭水系文件\秦岭范围线\主梁复制" date="20230902" time="10350600"></copy></copyHistory></DataProperties></Esri></metadata>
